"id","meeting_id","flow_step","type","user_id","confirm_time"
"2268","100000018","2","1","29","23/4/2020 16:58:00"
"2269","100000018","3","1","29","23/4/2020 16:59:00"
"2270","100000018","5","1","29","23/4/2020 17:09:00"
"2272","100000018","6","1","29","23/4/2020 17:20:00"
"2273","100000018","7","1","29","23/4/2020 17:22:00"
"2275","100000020","2","1","26","24/4/2020 09:52:10"
"2276","100000020","2","1","31","24/4/2020 09:52:40"
"2277","100000020","5","1","26","24/4/2020 10:17:32"
"2278","100000020","5","1","31","24/4/2020 10:18:00"
"2279","100000020","6","1","26","24/4/2020 10:37:02"
"2280","100000020","7","1","26","24/4/2020 10:48:16"
"2281","100000020","11","1","26","24/4/2020 15:11:58"
"2282","100000018","6","1","26","26/4/2020 10:00:48"
"2285","100000018","5","1","27","26/4/2020 20:02:00"
"2298","100000024","2","1","27","26/4/2020 21:27:00"
"2300","100000024","5","1","27","26/4/2020 21:29:00"
"2301","100000024","5","1","54","26/4/2020 21:29:17"
"2302","100000024","6","1","27","26/4/2020 21:29:00"
"2303","100000024","6","1","54","26/4/2020 21:29:41"
"2304","100000024","7","1","27","26/4/2020 21:29:00"
"2305","100000024","7","1","54","26/4/2020 21:29:50"
"2306","100000024","10","1","51","26/4/2020 21:31:53"
"2307","100000024","10","1","52","26/4/2020 21:31:53"
"2308","100000024","10","1","53","26/4/2020 21:31:53"
"2309","100000024","10","1","54","26/4/2020 21:31:53"
"2310","100000024","11","1","51","26/4/2020 21:32:17"
"2311","100000024","11","1","52","26/4/2020 21:32:17"
"2312","100000024","11","1","53","26/4/2020 21:32:17"
"2313","100000024","11","1","54","26/4/2020 21:32:17"
"2314","100000018","10","1","29","26/4/2020 22:14:00"
"2315","100000029","2","1","33","28/4/2020 10:54:00"
"2316","100000029","2","1","60","28/4/2020 10:54:19"
"2317","100000029","2","1","61","28/4/2020 10:54:19"
"2318","100000029","2","1","62","28/4/2020 10:54:19"
"2319","100000029","2","1","63","28/4/2020 10:54:19"
"2320","100000029","3","1","33","28/4/2020 10:56:00"
"2321","100000029","5","1","60","28/4/2020 11:06:29"
"2322","100000029","5","1","61","28/4/2020 11:06:29"
"2323","100000029","5","1","63","28/4/2020 11:06:29"
"2324","100000029","5","1","62","28/4/2020 11:06:29"
"2325","100000029","5","1","33","28/4/2020 11:07:00"
"2326","100000030","2","1","31","28/4/2020 11:29:54"
"2327","100000030","2","1","58","28/4/2020 11:29:54"
"2328","100000030","2","1","62","28/4/2020 11:29:54"
"2329","100000030","2","1","63","28/4/2020 11:29:54"
"2330","100000030","2","1","185","28/4/2020 11:30:00"
"2331","100000030","3","1","33","28/4/2020 11:30:00"
"2332","100000030","5","1","31","28/4/2020 11:33:06"
"2333","100000030","5","1","58","28/4/2020 11:33:06"
"2334","100000030","5","1","62","28/4/2020 11:33:06"
"2335","100000030","5","1","63","28/4/2020 11:33:06"
"2336","100000030","5","1","33","28/4/2020 11:33:00"
"2337","100000030","6","1","33","28/4/2020 11:33:00"
"2338","100000030","6","1","31","28/4/2020 11:33:33"
"2339","100000030","6","1","58","28/4/2020 11:33:33"
"2340","100000030","6","1","62","28/4/2020 11:33:33"
"2341","100000030","6","1","63","28/4/2020 11:33:33"
"2342","100000030","6","1","174","28/4/2020 11:35:00"
"2343","100000030","6","1","185","28/4/2020 11:35:00"
"2344","100000030","7","1","33","28/4/2020 11:36:00"
"2345","100000030","7","1","31","28/4/2020 11:36:18"
"2346","100000030","7","1","58","28/4/2020 11:36:18"
"2347","100000030","7","1","62","28/4/2020 11:36:18"
"2348","100000030","7","1","63","28/4/2020 11:36:18"
"2349","100000030","7","1","185","28/4/2020 11:36:00"
"2350","100000030","7","1","174","28/4/2020 11:37:00"
"2351","100000031","2","1","49","28/4/2020 14:03:22"
"2352","100000031","2","1","57","28/4/2020 14:03:22"
"2353","100000031","2","1","58","28/4/2020 14:03:22"
"2354","100000031","2","1","59","28/4/2020 14:03:22"
"2355","100000031","2","1","33","28/4/2020 14:03:00"
"2356","100000031","3","1","33","28/4/2020 14:15:00"
"2357","100000031","5","1","33","28/4/2020 14:22:00"
"2358","100000031","5","1","59","28/4/2020 14:22:30"
"2359","100000031","5","1","49","28/4/2020 14:22:30"
"2360","100000031","5","1","57","28/4/2020 14:22:30"
"2361","100000031","5","1","58","28/4/2020 14:22:30"
"2362","100000031","6","1","49","28/4/2020 14:26:48"
"2363","100000031","6","1","57","28/4/2020 14:26:48"
"2364","100000031","6","1","58","28/4/2020 14:26:48"
"2365","100000031","6","1","59","28/4/2020 14:26:48"
"2366","100000034","2","1","33","28/4/2020 16:04:00"
"2367","100000034","3","1","33","28/4/2020 16:05:00"
"2368","100000034","5","1","31","28/4/2020 16:07:30"
"2369","100000034","5","1","49","28/4/2020 16:07:33"
"2370","100000034","5","1","64","28/4/2020 16:07:42"
"2371","100000034","5","1","65","28/4/2020 16:07:45"
"2372","100000034","6","1","31","28/4/2020 16:09:09"
"2373","100000034","6","1","49","28/4/2020 16:09:09"
"2374","100000034","6","1","64","28/4/2020 16:09:09"
"2375","100000034","6","1","65","28/4/2020 16:09:09"
"2376","100000034","7","1","31","28/4/2020 16:09:28"
"2377","100000034","7","1","49","28/4/2020 16:09:28"
"2378","100000034","7","1","64","28/4/2020 16:09:28"
"2379","100000034","7","1","65","28/4/2020 16:09:28"
"2380","100000034","10","1","31","28/4/2020 16:35:15"
"2381","100000034","10","1","49","28/4/2020 16:35:15"
"2382","100000034","10","1","64","28/4/2020 16:35:15"
"2383","100000034","10","1","65","28/4/2020 16:35:15"
"2384","100000034","11","1","31","28/4/2020 16:35:24"
"2385","100000034","11","1","49","28/4/2020 16:35:24"
"2386","100000034","11","1","64","28/4/2020 16:35:24"
"2387","100000034","11","1","65","28/4/2020 16:35:24"
"2388","100000036","5","1","59","28/4/2020 19:04:14"
"2389","100000036","5","1","60","28/4/2020 19:04:14"
"2390","100000036","5","1","61","28/4/2020 19:04:14"
"2391","100000036","5","1","62","28/4/2020 19:04:14"
"2392","100000036","5","1","63","28/4/2020 19:04:14"
"2393","100000036","5","1","33","28/4/2020 19:04:00"
"2394","100000036","6","1","59","28/4/2020 19:04:53"
"2395","100000036","6","1","60","28/4/2020 19:04:53"
"2396","100000036","6","1","61","28/4/2020 19:04:53"
"2397","100000036","6","1","62","28/4/2020 19:04:53"
"2398","100000036","6","1","63","28/4/2020 19:04:53"
"2399","100000036","6","1","33","28/4/2020 19:04:00"
"2400","100000036","7","1","33","28/4/2020 19:05:00"
"2401","100000036","7","1","59","28/4/2020 19:05:37"
"2402","100000036","7","1","60","28/4/2020 19:05:37"
"2403","100000036","7","1","61","28/4/2020 19:05:37"
"2404","100000036","7","1","62","28/4/2020 19:05:37"
"2405","100000036","7","1","63","28/4/2020 19:05:37"
"2406","100000036","10","1","174","28/4/2020 20:15:00"
"2407","100000038","2","1","26","28/4/2020 20:16:59"
"2408","100000038","2","1","49","28/4/2020 20:16:59"
"2409","100000038","2","1","64","28/4/2020 20:16:59"
"2410","100000038","2","1","65","28/4/2020 20:16:59"
"2411","100000038","5","1","26","28/4/2020 20:17:18"
"2412","100000038","5","1","49","28/4/2020 20:17:18"
"2413","100000038","5","1","64","28/4/2020 20:17:18"
"2414","100000038","5","1","65","28/4/2020 20:17:18"
"2415","100000038","6","1","26","28/4/2020 20:17:25"
"2416","100000038","6","1","49","28/4/2020 20:17:25"
"2417","100000038","6","1","64","28/4/2020 20:17:25"
"2418","100000038","6","1","65","28/4/2020 20:17:25"
"2419","100000038","7","1","26","28/4/2020 20:17:42"
"2420","100000038","7","1","49","28/4/2020 20:17:42"
"2421","100000038","7","1","64","28/4/2020 20:17:42"
"2422","100000038","7","1","65","28/4/2020 20:17:42"
"2423","100000038","10","1","26","28/4/2020 20:49:29"
"2424","100000038","10","1","49","28/4/2020 20:49:29"
"2425","100000038","10","1","64","28/4/2020 20:49:29"
"2426","100000038","10","1","65","28/4/2020 20:49:29"
"2427","100000038","10","1","33","28/4/2020 20:51:00"
"2428","100000039","5","1","26","28/4/2020 21:42:25"
"2429","100000039","5","1","31","28/4/2020 21:42:25"
"2430","100000039","5","1","49","28/4/2020 21:42:25"
"2431","100000039","5","1","33","28/4/2020 21:42:00"
"2432","100000039","6","1","33","28/4/2020 21:42:00"
"2433","100000039","6","1","26","28/4/2020 21:42:39"
"2434","100000039","6","1","31","28/4/2020 21:42:39"
"2435","100000039","6","1","49","28/4/2020 21:42:39"
"2436","100000039","7","1","26","28/4/2020 21:42:47"
"2437","100000039","7","1","31","28/4/2020 21:42:47"
"2438","100000039","7","1","49","28/4/2020 21:42:47"
"2439","100000039","10","1","33","28/4/2020 22:07:00"
"2440","100000040","2","1","33","29/4/2020 11:40:00"
"2441","100000040","5","1","26","29/4/2020 11:51:00"
"2442","100000040","5","1","49","29/4/2020 11:51:00"
"2443","100000040","5","1","64","29/4/2020 11:51:00"
"2444","100000040","5","1","65","29/4/2020 11:51:00"
"2445","100000040","5","1","33","29/4/2020 11:51:00"
"2446","100000040","6","1","33","29/4/2020 11:56:00"
"2447","100000040","6","1","26","29/4/2020 11:56:21"
"2448","100000040","6","1","49","29/4/2020 11:56:21"
"2449","100000040","6","1","64","29/4/2020 11:56:21"
"2450","100000040","6","1","65","29/4/2020 11:56:21"
"2451","100000040","7","1","26","29/4/2020 11:58:01"
"2452","100000040","7","1","49","29/4/2020 11:58:01"
"2453","100000040","7","1","64","29/4/2020 11:58:01"
"2454","100000040","7","1","65","29/4/2020 11:58:01"
"2455","100000040","7","1","33","29/4/2020 13:58:00"
"2456","100000045","3","1","174","29/4/2020 16:54:00"
"2457","100000047","5","1","55","29/4/2020 18:10:10"
"2458","100000047","5","1","56","29/4/2020 18:10:10"
"2459","100000047","5","1","57","29/4/2020 18:10:10"
"2460","100000047","5","1","185","29/4/2020 18:10:00"
"2461","100000047","6","1","185","29/4/2020 18:11:00"
"2462","100000047","6","1","55","29/4/2020 18:13:50"
"2463","100000047","6","1","56","29/4/2020 18:13:50"
"2464","100000047","6","1","57","29/4/2020 18:13:50"
"2465","100000047","7","1","55","29/4/2020 18:14:12"
"2466","100000047","7","1","56","29/4/2020 18:14:12"
"2467","100000047","7","1","57","29/4/2020 18:14:12"
"2468","100000047","7","1","185","29/4/2020 18:14:00"
"2469","100000040","7","1","24","29/4/2020 18:24:00"
"2470","100000047","10","1","185","29/4/2020 18:27:00"
"2471","100000049","2","1","187","30/4/2020 13:51:00"
"2472","100000049","2","1","24","30/4/2020 13:53:00"
"2473","100000049","2","1","180","30/4/2020 13:53:00"
"2474","100000049","2","1","174","30/4/2020 13:54:00"
"2475","100000049","2","1","78","30/4/2020 13:57:03"
"2476","100000049","2","1","74","30/4/2020 13:57:03"
"2477","100000049","2","1","73","30/4/2020 13:57:03"
"2478","100000049","3","1","174","30/4/2020 13:59:00"
"2479","100000049","5","1","174","30/4/2020 14:17:00"
"2480","100000049","5","1","24","30/4/2020 14:17:00"
"2481","100000049","5","1","180","30/4/2020 14:18:00"
"2602","100000049","5","1","71","30/4/2020 14:19:09"
"2603","100000049","5","1","72","30/4/2020 14:19:09"
"2604","100000049","5","1","73","30/4/2020 14:19:09"
"2605","100000049","5","1","74","30/4/2020 14:19:09"
"2606","100000049","5","1","78","30/4/2020 14:19:09"
"2607","100000049","6","1","174","30/4/2020 14:20:00"
"2608","100000049","6","1","24","30/4/2020 14:20:00"
"2609","100000049","6","1","71","30/4/2020 14:21:45"
"2610","100000049","6","1","72","30/4/2020 14:21:45"
"2611","100000049","6","1","73","30/4/2020 14:21:45"
"2612","100000049","6","1","74","30/4/2020 14:21:45"
"2613","100000049","6","1","78","30/4/2020 14:21:45"
"2614","100000049","7","1","174","30/4/2020 14:22:00"
"2615","100000049","10","1","174","30/4/2020 14:46:00"
"2616","100000049","10","1","24","30/4/2020 14:47:00"
"2617","100000049","10","1","71","30/4/2020 14:51:42"
"2618","100000049","10","1","72","30/4/2020 14:51:42"
"2619","100000049","10","1","73","30/4/2020 14:51:42"
"2620","100000049","10","1","74","30/4/2020 14:51:42"
"2621","100000049","10","1","78","30/4/2020 14:51:53"
"2622","100000048","2","1","180","30/4/2020 16:11:00"
"2623","100000049","6","1","180","30/4/2020 16:20:00"
"2624","100000049","7","1","180","30/4/2020 16:20:00"
"2625","100000049","10","1","180","30/4/2020 16:21:00"
"2626","100000049","3","1","71","6/5/2020 09:54:28"
"2627","100000049","2","1","29","7/5/2020 10:45:00"
"2628","100000049","3","1","180","7/5/2020 16:35:00"
"2629","100000049","4","1","180","7/5/2020 16:43:00"
"2630","100000049","11","1","180","7/5/2020 17:09:00"
"2631","100000050","2","1","187","8/5/2020 10:50:00"
"2632","100000050","2","1","72","8/5/2020 10:55:29"
"2633","100000050","2","1","73","8/5/2020 10:55:29"
"2634","100000050","2","1","74","8/5/2020 10:55:29"
"2635","100000050","2","1","78","8/5/2020 10:55:29"
"2636","100000050","3","1","187","8/5/2020 10:59:00"
"2637","100000050","3","1","29","8/5/2020 11:00:00"
"2638","100000050","5","1","72","8/5/2020 11:54:31"
"2639","100000050","5","1","73","8/5/2020 11:54:31"
"2640","100000050","5","1","74","8/5/2020 11:54:31"
"2641","100000050","5","1","78","8/5/2020 11:54:31"
"2642","100000050","5","1","187","8/5/2020 11:54:00"
"2643","100000050","6","1","72","8/5/2020 11:58:22"
"2644","100000050","6","1","73","8/5/2020 11:58:22"
"2645","100000050","6","1","74","8/5/2020 11:58:22"
"2646","100000050","6","1","78","8/5/2020 11:58:22"
"2647","100000050","6","1","187","8/5/2020 11:58:00"
"2648","100000050","7","1","72","8/5/2020 11:59:10"
"2649","100000050","7","1","73","8/5/2020 11:59:10"
"2650","100000050","7","1","74","8/5/2020 11:59:10"
"2651","100000050","7","1","78","8/5/2020 11:59:10"
"2652","100000050","7","1","187","8/5/2020 11:59:00"
"2653","100000048","2","1","29","8/5/2020 12:02:00"
"2654","100000048","3","1","29","8/5/2020 12:05:00"
"2655","100000048","3","1","70","8/5/2020 13:09:22"
"2656","100000048","3","1","71","8/5/2020 13:09:31"
"2657","100000048","3","1","72","8/5/2020 13:09:31"
"2658","100000048","3","1","74","8/5/2020 13:09:31"
"2659","100000048","3","1","78","8/5/2020 13:09:31"
"2660","100000070","2","1","24","11/5/2020 14:07:00"
"2661","100000070","2","1","199","11/5/2020 14:07:00"
"2662","100000070","2","1","71","11/5/2020 14:08:09"
"2663","100000070","2","1","72","11/5/2020 14:08:09"
"2664","100000070","3","1","24","11/5/2020 14:13:00"
"2665","100000070","3","1","199","11/5/2020 14:13:00"
"2666","100000070","4","1","24","11/5/2020 14:39:00"
"2667","100000070","4","1","204","11/5/2020 14:39:00"
"2668","100000070","4","1","199","11/5/2020 14:39:00"
"2669","100000070","4","1","70","11/5/2020 14:39:52"
"2670","100000070","4","1","71","11/5/2020 14:39:52"
"2671","100000070","4","1","72","11/5/2020 14:39:52"
"2672","100000070","4","1","73","11/5/2020 14:39:52"
"2673","100000070","4","1","74","11/5/2020 14:39:52"
"2674","100000070","4","1","78","11/5/2020 14:39:52"
"2675","100000070","5","1","24","11/5/2020 14:46:00"
"2676","100000070","5","1","199","11/5/2020 14:46:00"
"2677","100000070","5","1","70","11/5/2020 14:46:48"
"2678","100000070","5","1","71","11/5/2020 14:46:56"
"2679","100000070","5","1","72","11/5/2020 14:46:56"
"2680","100000070","5","1","73","11/5/2020 14:46:56"
"2681","100000070","5","1","74","11/5/2020 14:46:56"
"2682","100000070","5","1","78","11/5/2020 14:46:56"
"2683","100000070","5","1","204","11/5/2020 14:50:00"
"2684","100000070","6","1","199","11/5/2020 14:51:00"
"2685","100000070","6","1","24","11/5/2020 14:51:00"
"2686","100000070","6","1","70","11/5/2020 14:51:21"
"2687","100000070","6","1","71","11/5/2020 14:51:21"
"2688","100000070","6","1","72","11/5/2020 14:51:21"
"2689","100000070","6","1","73","11/5/2020 14:51:21"
"2690","100000070","6","1","74","11/5/2020 14:51:21"
"2691","100000070","6","1","78","11/5/2020 14:51:21"
"2692","100000070","7","1","24","11/5/2020 14:52:00"
"2693","100000070","7","1","199","11/5/2020 14:52:00"
"2694","100000070","3","1","211","11/5/2020 15:40:00"
"2695","100000070","5","1","211","11/5/2020 15:44:00"
"2696","100000070","4","1","211","11/5/2020 15:49:00"
"2697","100000076","5","1","202","12/5/2020 09:28:00"
"2698","100000077","2","1","24","12/5/2020 17:14:00"
"2699","100000077","2","1","199","12/5/2020 17:15:00"
"2700","100000077","2","1","42","12/5/2020 17:16:00"
"2701","100000077","2","1","73","12/5/2020 17:16:32"
"2702","100000077","2","1","74","12/5/2020 17:16:32"
"2703","100000077","2","1","78","12/5/2020 17:16:32"
"2704","100000077","2","1","192","12/5/2020 17:16:32"
"2705","100000077","2","1","72","12/5/2020 17:16:32"
"2706","100000077","2","1","71","12/5/2020 17:16:53"
"2707","100000077","2","1","202","12/5/2020 17:17:00"
"2708","100000077","3","1","24","12/5/2020 17:18:00"
"2709","100000077","3","1","199","12/5/2020 17:18:00"
"2710","100000077","3","1","71","12/5/2020 17:19:12"
"2711","100000077","3","1","72","12/5/2020 17:19:12"
"2712","100000077","3","1","73","12/5/2020 17:19:12"
"2713","100000077","3","1","74","12/5/2020 17:19:12"
"2714","100000077","3","1","78","12/5/2020 17:19:12"
"2715","100000077","3","1","192","12/5/2020 17:19:12"
"2716","100000077","3","1","42","12/5/2020 17:19:00"
"2718","100000077","4","1","42","12/5/2020 17:20:00"
"2719","100000077","4","1","199","12/5/2020 17:20:00"
"2720","100000077","5","1","42","12/5/2020 17:26:00"
"2721","100000077","5","1","199","12/5/2020 17:26:00"
"2722","100000077","5","1","24","12/5/2020 17:26:00"
"2723","100000077","5","1","71","12/5/2020 17:28:31"
"2724","100000077","5","1","72","12/5/2020 17:28:31"
"2725","100000077","5","1","73","12/5/2020 17:28:31"
"2726","100000077","5","1","74","12/5/2020 17:28:31"
"2727","100000077","5","1","78","12/5/2020 17:28:31"
"2728","100000077","5","1","192","12/5/2020 17:28:31"
"2729","100000077","5","1","202","12/5/2020 17:29:00"
"2730","100000077","5","1","43","12/5/2020 17:29:00"
"2731","100000077","5","1","204","12/5/2020 17:43:00"
"2732","100000077","6","1","199","12/5/2020 17:44:00"
"2733","100000077","6","1","204","12/5/2020 17:44:00"
"2734","100000077","6","1","71","12/5/2020 17:44:52"
"2735","100000077","6","1","72","12/5/2020 17:44:52"
"2736","100000077","6","1","73","12/5/2020 17:44:52"
"2737","100000077","6","1","74","12/5/2020 17:44:52"
"2738","100000077","6","1","78","12/5/2020 17:44:52"
"2739","100000077","6","1","192","12/5/2020 17:44:52"
"2740","100000077","6","1","42","12/5/2020 17:45:00"
"2741","100000077","6","1","24","12/5/2020 17:48:00"
"2742","100000076","10","1","70","12/5/2020 17:52:54"
"2743","100000076","10","1","57","12/5/2020 17:52:56"
"2744","100000076","10","1","66","12/5/2020 17:52:56"
"2745","100000076","10","1","67","12/5/2020 17:52:56"
"2746","100000076","10","1","68","12/5/2020 17:52:56"
"2747","100000076","10","1","69","12/5/2020 17:52:56"
"2748","100000076","11","1","57","12/5/2020 17:53:27"
"2749","100000076","11","1","66","12/5/2020 17:53:31"
"2750","100000076","11","1","67","12/5/2020 17:55:18"
"2751","100000076","11","1","68","12/5/2020 17:55:18"
"2752","100000076","11","1","69","12/5/2020 17:55:18"
"2753","100000076","11","1","70","12/5/2020 17:55:18"
"2754","100000076","6","1","57","12/5/2020 17:55:45"
"2755","100000076","6","1","66","12/5/2020 17:55:45"
"2756","100000076","6","1","67","12/5/2020 17:55:45"
"2757","100000076","6","1","68","12/5/2020 17:55:45"
"2758","100000076","6","1","69","12/5/2020 17:55:45"
"2759","100000076","6","1","70","12/5/2020 17:55:45"
"2760","100000076","7","1","57","12/5/2020 17:56:03"
"2761","100000076","7","1","66","12/5/2020 17:56:03"
"2762","100000076","7","1","67","12/5/2020 17:56:03"
"2763","100000076","7","1","68","12/5/2020 17:56:03"
"2764","100000076","7","1","69","12/5/2020 17:56:03"
"2765","100000076","7","1","70","12/5/2020 17:56:03"
"2766","100000077","6","1","211","12/5/2020 17:58:00"
"2767","100000077","6","1","43","12/5/2020 17:59:00"
"2768","100000077","7","1","24","12/5/2020 18:00:00"
"2769","100000077","7","1","43","12/5/2020 18:00:00"
"2770","100000077","7","1","199","12/5/2020 18:00:00"
"2771","100000077","7","1","211","12/5/2020 18:00:00"
"2772","100000077","7","1","42","12/5/2020 18:00:00"
"2773","100000077","3","1","211","12/5/2020 19:11:00"
"2774","100000079","2","1","51","14/5/2020 11:35:48"
"2775","100000079","2","1","57","14/5/2020 11:35:48"
"2776","100000079","2","1","70","14/5/2020 11:35:48"
"2777","100000079","2","1","202","14/5/2020 11:35:00"
"2778","100000079","3","1","51","14/5/2020 11:36:01"
"2779","100000079","3","1","57","14/5/2020 11:36:01"
"2780","100000079","3","1","70","14/5/2020 11:36:01"
"2781","100000079","4","1","202","14/5/2020 11:36:00"
"2782","100000079","4","1","51","14/5/2020 11:36:15"
"2783","100000079","4","1","57","14/5/2020 11:36:15"
"2784","100000079","4","1","70","14/5/2020 11:36:15"
"2785","100000079","5","1","202","14/5/2020 11:36:00"
"2786","100000079","5","1","51","14/5/2020 11:36:31"
"2787","100000079","5","1","57","14/5/2020 11:36:31"
"2788","100000079","5","1","70","14/5/2020 11:36:31"
"2789","100000079","6","1","202","14/5/2020 11:36:00"
"2790","100000079","6","1","51","14/5/2020 11:36:51"
"2791","100000079","6","1","57","14/5/2020 11:36:51"
"2792","100000079","6","1","70","14/5/2020 11:36:51"
"2793","100000079","7","1","202","14/5/2020 11:37:00"
"2794","100000079","7","1","51","14/5/2020 11:37:26"
"2795","100000079","7","1","57","14/5/2020 11:37:26"
"2796","100000079","7","1","70","14/5/2020 11:37:26"
"2797","100000079","11","1","202","14/5/2020 11:48:00"
"2798","100000070","11","1","211","14/5/2020 13:58:00"
"2799","100000084","2","1","204","14/5/2020 16:42:00"
"2800","100000084","2","1","68","14/5/2020 16:42:19"
"2801","100000084","2","1","69","14/5/2020 16:42:19"
"2802","100000084","2","1","179","14/5/2020 16:42:19"
"2803","100000084","2","1","211","14/5/2020 16:42:00"
"2804","100000084","3","1","68","14/5/2020 16:43:04"
"2805","100000084","3","1","69","14/5/2020 16:43:04"
"2806","100000084","3","1","179","14/5/2020 16:43:04"
"2807","100000084","3","1","204","14/5/2020 16:43:00"
"2808","100000084","4","1","204","14/5/2020 16:44:00"
"2809","100000084","4","1","68","14/5/2020 16:44:23"
"2810","100000084","4","1","69","14/5/2020 16:44:23"
"2811","100000084","4","1","179","14/5/2020 16:44:23"
"2812","100000084","5","1","68","14/5/2020 16:44:34"
"2813","100000084","5","1","69","14/5/2020 16:44:34"
"2814","100000084","5","1","179","14/5/2020 16:44:34"
"2815","100000084","5","1","204","14/5/2020 16:44:00"
"2816","100000084","6","1","204","14/5/2020 16:45:00"
"2817","100000084","6","1","68","14/5/2020 16:45:13"
"2818","100000084","6","1","69","14/5/2020 16:45:13"
"2819","100000084","6","1","179","14/5/2020 16:45:13"
"2820","100000084","7","1","68","14/5/2020 16:45:22"
"2821","100000084","7","1","69","14/5/2020 16:45:22"
"2822","100000084","7","1","179","14/5/2020 16:45:22"
"2823","100000084","7","1","204","14/5/2020 16:45:00"
"2824","100000085","11","1","68","14/5/2020 18:01:48"
"2825","100000085","11","1","179","14/5/2020 18:01:48"
"2826","100000085","11","1","188","14/5/2020 18:01:48"
"2827","100000085","11","1","204","14/5/2020 18:01:00"
"2828","100000085","11","1","211","14/5/2020 18:02:00"
"2829","100000088","2","1","48","15/5/2020 14:51:35"
"2830","100000088","2","1","17","15/5/2020 14:51:44"
"2831","100000088","2","1","26","15/5/2020 14:51:44"
"2832","100000088","2","1","43","15/5/2020 14:51:44"
"2833","100000088","2","1","44","15/5/2020 14:51:44"
"2834","100000088","2","1","45","15/5/2020 14:51:44"
"2835","100000088","2","1","46","15/5/2020 14:51:44"
"2836","100000088","2","1","47","15/5/2020 14:51:44"
"2837","100000088","2","1","108","15/5/2020 14:53:00"
"2838","100000088","2","1","98","15/5/2020 14:54:00"
"2839","100000088","2","1","97","15/5/2020 14:56:00"
"2840","100000088","3","1","97","15/5/2020 14:57:00"
"2841","100000088","3","1","99","15/5/2020 14:57:00"
"2842","100000088","4","1","98","15/5/2020 14:59:00"
"2843","100000088","4","1","97","15/5/2020 15:00:00"
"2844","100000088","5","1","97","15/5/2020 15:05:00"
"2845","100000088","5","1","2","15/5/2020 15:05:27"
"2846","100000088","5","1","17","15/5/2020 15:05:33"
"2847","100000088","5","1","26","15/5/2020 15:05:33"
"2848","100000088","5","1","44","15/5/2020 15:05:37"
"2849","100000088","5","1","45","15/5/2020 15:05:37"
"2850","100000088","5","1","46","15/5/2020 15:05:37"
"2851","100000088","5","1","47","15/5/2020 15:05:41"
"2852","100000088","5","1","48","15/5/2020 15:05:41"
"2853","100000088","5","1","98","15/5/2020 15:05:00"
"2855","100000088","5","1","106","15/5/2020 15:06:09"
"2856","100000088","6","1","97","15/5/2020 15:06:00"
"2857","100000088","6","1","98","15/5/2020 15:07:00"
"2858","100000088","6","1","106","15/5/2020 15:07:57"
"2859","100000088","6","1","2","15/5/2020 15:08:07"
"2860","100000088","6","1","17","15/5/2020 15:08:07"
"2861","100000088","6","1","26","15/5/2020 15:08:07"
"2862","100000088","6","1","43","15/5/2020 15:08:07"
"2863","100000088","6","1","44","15/5/2020 15:08:07"
"2864","100000088","6","1","45","15/5/2020 15:08:07"
"2865","100000088","6","1","46","15/5/2020 15:08:07"
"2866","100000088","6","1","47","15/5/2020 15:08:07"
"2867","100000088","6","1","48","15/5/2020 15:08:07"
"2868","100000088","7","1","97","15/5/2020 15:09:00"
"2869","100000088","10","1","97","15/5/2020 16:19:00"
"2870","100000090","2","1","99","19/5/2020 14:38:00"
"2871","100000090","3","1","99","19/5/2020 14:38:00"
"2872","100000090","3","1","5","19/5/2020 14:38:58"
"2873","100000090","3","1","8","19/5/2020 14:38:58"
"2874","100000090","3","1","9","19/5/2020 14:38:58"
"2875","100000090","3","1","10","19/5/2020 14:38:58"
"2876","100000090","3","1","11","19/5/2020 14:38:58"
"2877","100000090","3","1","13","19/5/2020 14:38:58"
"2878","100000090","3","1","101","19/5/2020 14:38:00"
"2879","100000091","2","1","97","21/5/2020 15:08:00"
"2880","100000091","2","1","115","21/5/2020 15:08:00"
"2882","100000091","2","1","116","21/5/2020 15:08:00"
"2883","100000091","2","1","114","21/5/2020 15:08:00"
"2884","100000091","2","1","4","21/5/2020 15:08:47"
"2885","100000091","2","1","5","21/5/2020 15:08:47"
"2886","100000091","2","1","8","21/5/2020 15:08:47"
"2887","100000091","2","1","9","21/5/2020 15:08:47"
"2888","100000091","3","1","114","21/5/2020 15:09:00"
"2889","100000091","3","1","116","21/5/2020 15:09:00"
"2890","100000091","3","1","97","21/5/2020 15:09:00"
"2891","100000091","3","1","115","21/5/2020 15:09:00"
"2892","100000091","3","1","4","21/5/2020 15:09:19"
"2893","100000091","3","1","5","21/5/2020 15:09:19"
"2894","100000091","3","1","8","21/5/2020 15:09:19"
"2895","100000091","3","1","9","21/5/2020 15:09:19"
"2896","100000091","4","1","115","21/5/2020 15:10:00"
"2897","100000091","4","1","114","21/5/2020 15:10:00"
"2898","100000091","4","1","97","21/5/2020 15:12:00"
"2899","100000091","4","1","4","21/5/2020 15:12:44"
"2900","100000091","4","1","5","21/5/2020 15:12:44"
"2901","100000091","4","1","8","21/5/2020 15:12:44"
"2902","100000091","4","1","9","21/5/2020 15:12:44"
"2903","100000091","4","1","96","21/5/2020 15:13:00"
"2904","100000091","4","1","116","21/5/2020 15:14:00"
"2905","100000091","5","1","97","21/5/2020 15:14:00"
"2906","100000091","5","1","116","21/5/2020 15:14:00"
"2907","100000091","5","1","114","21/5/2020 15:14:00"
"2908","100000091","5","1","4","21/5/2020 15:15:06"
"2909","100000091","5","1","5","21/5/2020 15:15:06"
"2910","100000091","5","1","8","21/5/2020 15:15:06"
"2911","100000091","5","1","9","21/5/2020 15:15:06"
"2912","100000091","6","1","114","21/5/2020 15:15:00"
"2913","100000091","6","1","116","21/5/2020 15:15:00"
"2914","100000091","6","1","96","21/5/2020 15:15:00"
"2916","100000091","6","1","4","21/5/2020 15:17:29"
"2917","100000091","6","1","5","21/5/2020 15:17:29"
"2918","100000091","6","1","8","21/5/2020 15:17:29"
"2919","100000091","6","1","9","21/5/2020 15:17:29"
"2920","100000091","7","1","115","21/5/2020 15:18:00"
"2921","100000091","7","1","116","21/5/2020 15:18:00"
"2922","100000091","7","1","4","21/5/2020 15:18:19"
"2923","100000091","7","1","5","21/5/2020 15:18:19"
"2924","100000091","7","1","8","21/5/2020 15:18:19"
"2925","100000091","7","1","9","21/5/2020 15:18:19"
"2926","100000091","7","1","96","21/5/2020 15:18:00"
"2927","100000091","7","1","114","21/5/2020 15:18:00"
"2928","100000091","7","1","97","21/5/2020 15:18:00"
"2929","100000091","10","1","97","21/5/2020 15:39:00"
"2930","100000091","10","1","114","21/5/2020 15:39:00"
"2931","100000091","10","1","116","21/5/2020 15:40:00"
"2932","100000091","10","1","115","21/5/2020 15:41:00"
"2933","100000091","11","1","115","21/5/2020 15:41:00"
"2934","100000091","11","1","116","21/5/2020 15:41:00"
"2935","100000091","11","1","4","21/5/2020 15:42:00"
"2936","100000091","11","1","5","21/5/2020 15:42:00"
"2937","100000091","11","1","8","21/5/2020 15:42:00"
"2938","100000091","11","1","9","21/5/2020 15:42:00"
"2939","100000091","11","1","97","21/5/2020 15:41:00"
"2940","100000092","5","1","16","21/5/2020 17:06:00"
"2941","100000092","5","1","17","21/5/2020 17:06:00"
"2942","100000098","2","1","4","27/5/2020 10:38:01"
"2943","100000098","2","1","8","27/5/2020 10:38:01"
"2944","100000098","2","1","10","27/5/2020 10:38:01"
"2945","100000098","2","1","13","27/5/2020 10:38:01"
"2946","100000098","2","1","14","27/5/2020 10:38:01"
"2947","100000098","2","1","107","27/5/2020 10:38:00"
"2948","100000098","3","1","4","27/5/2020 10:38:41"
"2949","100000098","3","1","8","27/5/2020 10:38:41"
"2950","100000098","3","1","10","27/5/2020 10:38:41"
"2951","100000098","3","1","13","27/5/2020 10:38:41"
"2952","100000098","3","1","14","27/5/2020 10:38:41"
"2953","100000098","4","1","107","27/5/2020 10:39:00"
"2954","100000098","4","1","4","27/5/2020 10:39:25"
"2955","100000098","4","1","8","27/5/2020 10:39:25"
"2956","100000098","4","1","10","27/5/2020 10:39:25"
"2957","100000098","4","1","13","27/5/2020 10:39:25"
"2958","100000098","4","1","14","27/5/2020 10:39:25"
"2959","100000098","5","1","4","27/5/2020 10:41:07"
"2960","100000098","5","1","8","27/5/2020 10:41:07"
"2961","100000098","5","1","10","27/5/2020 10:41:07"
"2962","100000098","5","1","13","27/5/2020 10:41:07"
"2963","100000098","5","1","14","27/5/2020 10:41:07"
"2964","100000098","5","1","107","27/5/2020 10:41:00"
"2965","100000098","6","1","107","27/5/2020 10:41:00"
"2966","100000098","6","1","4","27/5/2020 10:41:40"
"2967","100000098","6","1","8","27/5/2020 10:41:40"
"2968","100000098","6","1","10","27/5/2020 10:41:40"
"2969","100000098","6","1","13","27/5/2020 10:41:40"
"2970","100000098","6","1","14","27/5/2020 10:41:40"
"2971","100000098","6","1","96","27/5/2020 10:41:00"
"2972","100000098","7","1","4","27/5/2020 10:42:03"
"2973","100000098","7","1","8","27/5/2020 10:42:03"
"2974","100000098","7","1","10","27/5/2020 10:42:03"
"2975","100000098","7","1","13","27/5/2020 10:42:03"
"2976","100000098","7","1","14","27/5/2020 10:42:03"
"2977","100000098","7","1","96","27/5/2020 10:42:00"
"2978","100000098","10","1","4","27/5/2020 10:48:22"
"2979","100000098","10","1","8","27/5/2020 10:48:22"
"2980","100000098","10","1","10","27/5/2020 10:48:22"
"2981","100000098","10","1","13","27/5/2020 10:48:22"
"2982","100000098","10","1","14","27/5/2020 10:48:22"
"2983","100000098","10","1","107","27/5/2020 10:48:00"
"2984","100000098","11","1","4","27/5/2020 10:50:41"
"2985","100000098","11","1","8","27/5/2020 10:50:41"
"2986","100000098","11","1","10","27/5/2020 10:50:41"
"2987","100000098","11","1","13","27/5/2020 10:50:41"
"2988","100000098","11","1","14","27/5/2020 10:50:41"
"2989","100000113","2","1","96","28/5/2020 15:31:00"
"2990","100000113","2","1","97","28/5/2020 15:31:00"
"2991","100000113","2","1","98","28/5/2020 15:32:00"
"2992","100000113","2","1","14","28/5/2020 15:32:55"
"2993","100000113","2","1","15","28/5/2020 15:33:02"
"2994","100000113","2","1","17","28/5/2020 15:33:09"
"2995","100000113","2","1","52","28/5/2020 15:33:09"
"2996","100000113","2","1","54","28/5/2020 15:33:09"
"2997","100000113","3","1","96","28/5/2020 16:12:00"
"2998","100000113","3","1","15","28/5/2020 16:12:36"
"2999","100000113","3","1","14","28/5/2020 16:12:36"
"3000","100000113","3","1","17","28/5/2020 16:12:36"
"3001","100000113","3","1","52","28/5/2020 16:12:36"
"3002","100000113","3","1","54","28/5/2020 16:12:39"
"3003","100000113","4","1","96","28/5/2020 16:13:00"
"3004","100000113","4","1","14","28/5/2020 16:13:36"
"3005","100000113","4","1","15","28/5/2020 16:13:36"
"3006","100000113","4","1","17","28/5/2020 16:13:36"
"3007","100000113","4","1","54","28/5/2020 16:13:36"
"3008","100000113","4","1","52","28/5/2020 16:13:36"
"3009","100000113","5","1","96","28/5/2020 16:15:00"
"3010","100000113","5","1","14","28/5/2020 16:16:45"
"3011","100000113","5","1","15","28/5/2020 16:16:45"
"3012","100000113","5","1","17","28/5/2020 16:16:45"
"3013","100000113","5","1","52","28/5/2020 16:16:45"
"3014","100000113","5","1","54","28/5/2020 16:16:45"
"3015","100000113","6","1","14","28/5/2020 16:21:56"
"3016","100000113","6","1","15","28/5/2020 16:21:56"
"3017","100000113","6","1","17","28/5/2020 16:21:56"
"3018","100000113","6","1","52","28/5/2020 16:21:56"
"3019","100000113","6","1","54","28/5/2020 16:21:56"
"3020","100000113","6","1","96","28/5/2020 16:22:00"
"3021","100000113","7","1","96","28/5/2020 16:23:00"
"3022","100000113","7","1","15","28/5/2020 16:23:59"
"3023","100000113","7","1","17","28/5/2020 16:23:59"
"3024","100000113","7","1","52","28/5/2020 16:23:59"
"3025","100000113","7","1","14","28/5/2020 16:26:37"
"3026","100000113","7","1","54","28/5/2020 16:26:37"
"3027","100000113","10","1","97","28/5/2020 16:34:00"
"3028","100000113","10","1","96","28/5/2020 16:34:00"
"3029","100000113","11","1","96","28/5/2020 16:36:00"
"3030","100000113","11","1","113","28/5/2020 16:41:00"
"3031","100000113","10","1","113","28/5/2020 16:42:00"
"3032","100000113","11","1","14","28/5/2020 16:53:38"
"3033","100000113","11","1","15","28/5/2020 16:53:38"
"3034","100000113","11","1","17","28/5/2020 16:53:38"
"3035","100000113","11","1","52","28/5/2020 16:53:38"
"3036","100000113","11","1","54","28/5/2020 16:53:38"
"3037","100000125","2","1","96","29/5/2020 13:48:00"
"3038","100000125","2","1","12","29/5/2020 13:49:09"
"3039","100000125","2","1","13","29/5/2020 13:49:09"
"3040","100000125","2","1","14","29/5/2020 13:49:09"
"3041","100000125","2","1","16","29/5/2020 13:49:24"
"3042","100000125","2","1","15","29/5/2020 13:49:29"
"3043","100000125","2","1","97","29/5/2020 13:49:00"
"3044","100000125","3","1","96","29/5/2020 13:50:00"
"3045","100000125","3","1","97","29/5/2020 13:50:00"
"3046","100000125","3","1","12","29/5/2020 13:50:54"
"3047","100000125","3","1","13","29/5/2020 13:50:54"
"3048","100000125","3","1","14","29/5/2020 13:50:54"
"3049","100000125","3","1","15","29/5/2020 13:50:54"
"3050","100000125","3","1","16","29/5/2020 13:50:54"
"3051","100000125","4","1","97","29/5/2020 13:51:00"
"3052","100000125","4","1","96","29/5/2020 13:52:00"
"3053","100000125","4","1","99","29/5/2020 13:52:00"
"3054","100000125","4","1","98","29/5/2020 13:54:00"
"3055","100000125","4","1","101","29/5/2020 13:54:00"
"3056","100000125","4","1","12","29/5/2020 13:58:05"
"3057","100000125","4","1","13","29/5/2020 13:58:05"
"3058","100000125","4","1","14","29/5/2020 13:58:05"
"3059","100000125","4","1","15","29/5/2020 13:58:05"
"3060","100000125","4","1","16","29/5/2020 13:58:08"
"3061","100000125","4","1","110","29/5/2020 14:00:00"
"3062","100000125","4","1","113","29/5/2020 14:02:00"
"3063","100000125","5","1","101","29/5/2020 14:03:00"
"3064","100000125","5","1","96","29/5/2020 14:03:00"
"3065","100000125","5","1","97","29/5/2020 14:04:00"
"3066","100000125","5","1","99","29/5/2020 14:05:00"
"3067","100000125","5","1","12","29/5/2020 14:06:43"
"3068","100000125","5","1","13","29/5/2020 14:06:45"
"3069","100000125","5","1","14","29/5/2020 14:06:48"
"3070","100000125","5","1","15","29/5/2020 14:06:50"
"3071","100000125","5","1","16","29/5/2020 14:06:52"
"3072","100000125","5","1","113","29/5/2020 14:06:00"
"3073","100000125","6","1","97","29/5/2020 14:09:00"
"3074","100000125","6","1","96","29/5/2020 14:09:00"
"3075","100000125","6","1","101","29/5/2020 14:09:00"
"3076","100000125","6","1","12","29/5/2020 14:10:33"
"3077","100000125","6","1","13","29/5/2020 14:10:33"
"3078","100000125","6","1","14","29/5/2020 14:10:33"
"3079","100000125","6","1","15","29/5/2020 14:10:33"
"3080","100000125","6","1","16","29/5/2020 14:10:33"
"3081","100000125","6","1","98","29/5/2020 14:11:00"
"3082","100000125","6","1","110","29/5/2020 14:12:00"
"3083","100000125","7","1","96","29/5/2020 14:15:00"
"3084","100000125","11","1","96","29/5/2020 14:41:00"
"3085","100000129","2","1","96","1/6/2020 17:13:00"
"3086","100000129","3","1","96","1/6/2020 17:13:00"
"3087","100000129","4","1","96","1/6/2020 17:14:00"
"3088","100000129","5","1","96","1/6/2020 17:14:00"
"3089","100000129","6","1","96","1/6/2020 17:14:00"
"3090","100000129","7","1","96","1/6/2020 17:14:00"
"3091","100000129","10","1","96","1/6/2020 17:16:00"
"3092","100000129","11","1","96","1/6/2020 17:16:00"
