"id","meeting_id","user_id","ticket_time"
"1221","100000018","29","23/4/2020 17:45:00"
"1223","100000020","31","24/4/2020 10:53:31"
"1224","100000020","26","24/4/2020 10:56:07"
"1225","100000018","26","26/4/2020 10:01:04"
"1303","100000024","51","26/4/2020 21:30:06"
"1304","100000024","52","26/4/2020 21:30:06"
"1305","100000024","53","26/4/2020 21:30:06"
"1306","100000024","54","26/4/2020 21:30:06"
"1307","100000030","174","28/4/2020 11:52:00"
"1308","100000030","33","28/4/2020 11:53:00"
"1309","100000030","185","28/4/2020 11:55:00"
"1310","100000030","31","28/4/2020 12:00:46"
"1311","100000030","58","28/4/2020 12:00:46"
"1312","100000030","62","28/4/2020 12:00:46"
"1313","100000030","63","28/4/2020 12:00:46"
"1314","100000026","174","28/4/2020 13:18:00"
"1315","100000031","49","28/4/2020 14:33:29"
"1316","100000031","57","28/4/2020 14:33:29"
"1317","100000031","58","28/4/2020 14:33:29"
"1318","100000031","59","28/4/2020 14:33:29"
"1319","100000031","33","28/4/2020 14:33:00"
"1320","100000033","185","28/4/2020 15:06:00"
"1321","100000033","174","28/4/2020 15:06:00"
"1322","100000034","33","28/4/2020 16:10:00"
"1323","100000034","31","28/4/2020 16:11:39"
"1324","100000034","49","28/4/2020 16:11:39"
"1325","100000034","64","28/4/2020 16:11:39"
"1326","100000034","65","28/4/2020 16:11:39"
"1327","100000036","59","28/4/2020 19:06:02"
"1328","100000036","60","28/4/2020 19:06:02"
"1329","100000036","61","28/4/2020 19:06:02"
"1330","100000036","62","28/4/2020 19:06:02"
"1331","100000036","63","28/4/2020 19:06:02"
"1332","100000036","174","28/4/2020 19:06:00"
"1333","100000036","33","28/4/2020 19:06:00"
"1334","100000038","26","28/4/2020 20:17:47"
"1335","100000038","49","28/4/2020 20:17:47"
"1336","100000038","64","28/4/2020 20:17:47"
"1337","100000038","65","28/4/2020 20:17:47"
"1338","100000039","26","28/4/2020 21:42:53"
"1339","100000039","31","28/4/2020 21:42:53"
"1340","100000039","49","28/4/2020 21:42:53"
"1341","100000039","33","28/4/2020 21:42:00"
"1342","100000040","26","29/4/2020 13:59:16"
"1343","100000040","49","29/4/2020 13:59:16"
"1344","100000040","64","29/4/2020 13:59:16"
"1345","100000040","65","29/4/2020 13:59:16"
"1346","100000040","33","29/4/2020 13:59:00"
"1347","100000047","185","29/4/2020 18:14:00"
"1348","100000047","55","29/4/2020 18:14:48"
"1349","100000047","56","29/4/2020 18:14:48"
"1350","100000047","57","29/4/2020 18:14:48"
"1351","100000049","174","30/4/2020 14:23:00"
"1352","100000049","180","30/4/2020 14:23:00"
"1353","100000049","24","30/4/2020 14:23:00"
"1354","100000049","71","30/4/2020 14:24:08"
"1355","100000049","72","30/4/2020 14:24:08"
"1356","100000049","73","30/4/2020 14:24:08"
"1357","100000049","74","30/4/2020 14:24:08"
"1358","100000049","78","30/4/2020 14:24:08"
"1359","100000049","187","30/4/2020 14:28:00"
"1360","100000050","187","8/5/2020 12:00:00"
"1361","100000050","72","8/5/2020 12:00:20"
"1362","100000050","73","8/5/2020 12:00:20"
"1363","100000050","74","8/5/2020 12:00:20"
"1364","100000050","78","8/5/2020 12:00:20"
"1365","100000048","29","8/5/2020 13:13:00"
"1366","100000070","204","11/5/2020 14:52:00"
"1367","100000070","24","11/5/2020 14:52:00"
"1368","100000070","70","11/5/2020 14:52:16"
"1369","100000070","71","11/5/2020 14:52:16"
"1370","100000070","72","11/5/2020 14:52:16"
"1371","100000070","73","11/5/2020 14:52:16"
"1372","100000070","74","11/5/2020 14:52:16"
"1373","100000070","78","11/5/2020 14:52:16"
"1374","100000070","199","11/5/2020 14:52:00"
"1375","100000070","211","11/5/2020 15:23:00"
"1376","100000070","42","12/5/2020 15:51:00"
"1377","100000070","202","12/5/2020 15:51:00"
"1378","100000076","57","12/5/2020 17:56:18"
"1379","100000076","66","12/5/2020 17:56:18"
"1380","100000076","67","12/5/2020 17:56:18"
"1381","100000076","68","12/5/2020 17:56:18"
"1382","100000076","69","12/5/2020 17:56:18"
"1383","100000076","70","12/5/2020 17:56:18"
"1384","100000077","73","12/5/2020 18:01:42"
"1385","100000077","74","12/5/2020 18:01:42"
"1386","100000077","78","12/5/2020 18:01:42"
"1387","100000077","71","12/5/2020 18:01:42"
"1388","100000077","72","12/5/2020 18:01:42"
"1389","100000077","24","12/5/2020 18:01:00"
"1390","100000077","42","12/5/2020 18:01:00"
"1391","100000077","211","12/5/2020 18:01:00"
"1392","100000077","199","12/5/2020 18:01:00"
"1393","100000077","43","12/5/2020 18:01:00"
"1394","100000077","192","12/5/2020 18:02:20"
"1395","100000077","204","12/5/2020 18:02:00"
"1396","100000079","202","14/5/2020 11:37:00"
"1397","100000079","51","14/5/2020 11:38:01"
"1398","100000079","57","14/5/2020 11:38:01"
"1399","100000079","70","14/5/2020 11:38:01"
"1400","100000084","204","14/5/2020 16:45:00"
"1401","100000084","211","14/5/2020 16:45:00"
"1402","100000084","68","14/5/2020 16:45:47"
"1403","100000084","69","14/5/2020 16:45:47"
"1404","100000084","179","14/5/2020 16:45:47"
"1405","100000085","204","14/5/2020 17:32:00"
"1406","100000085","68","14/5/2020 17:32:51"
"1407","100000085","179","14/5/2020 17:32:51"
"1408","100000085","188","14/5/2020 17:32:51"
"1409","100000085","211","14/5/2020 17:47:00"
"1410","100000088","97","15/5/2020 15:10:00"
"1411","100000088","98","15/5/2020 15:10:00"
"1412","100000088","2","15/5/2020 15:11:05"
"1413","100000088","17","15/5/2020 15:11:08"
"1414","100000088","26","15/5/2020 15:11:11"
"1415","100000088","43","15/5/2020 15:11:14"
"1416","100000088","44","15/5/2020 15:11:18"
"1417","100000088","45","15/5/2020 15:11:21"
"1418","100000088","46","15/5/2020 15:11:21"
"1419","100000088","47","15/5/2020 15:11:21"
"1420","100000088","48","15/5/2020 15:11:21"
"1421","100000088","106","15/5/2020 15:11:21"
"1422","100000088","99","15/5/2020 15:11:00"
"1423","100000088","104","15/5/2020 15:12:00"
"1425","100000088","101","15/5/2020 15:12:00"
"1426","100000088","105","15/5/2020 15:13:00"
"1427","100000088","100","15/5/2020 15:15:00"
"1428","100000088","109","15/5/2020 15:16:00"
"1429","100000090","101","19/5/2020 14:39:00"
"1430","100000090","99","19/5/2020 14:40:00"
"1431","100000090","5","19/5/2020 14:40:33"
"1432","100000090","8","19/5/2020 14:40:33"
"1433","100000090","9","19/5/2020 14:40:33"
"1434","100000090","10","19/5/2020 14:40:33"
"1435","100000090","11","19/5/2020 14:40:33"
"1436","100000090","13","19/5/2020 14:40:33"
"1437","100000091","116","21/5/2020 15:18:00"
"1438","100000091","114","21/5/2020 15:18:00"
"1439","100000091","115","21/5/2020 15:18:00"
"1440","100000091","96","21/5/2020 15:18:00"
"1441","100000091","97","21/5/2020 15:18:00"
"1442","100000091","4","21/5/2020 15:19:02"
"1443","100000091","5","21/5/2020 15:19:02"
"1444","100000091","8","21/5/2020 15:19:02"
"1445","100000091","9","21/5/2020 15:19:02"
"1446","100000092","16","21/5/2020 17:06:24"
"1447","100000092","17","21/5/2020 17:06:24"
"1448","100000098","107","27/5/2020 10:42:00"
"1449","100000098","96","27/5/2020 10:42:00"
"1450","100000098","4","27/5/2020 10:42:45"
"1451","100000098","8","27/5/2020 10:42:45"
"1452","100000098","10","27/5/2020 10:42:45"
"1453","100000098","13","27/5/2020 10:42:45"
"1454","100000098","14","27/5/2020 10:42:45"
"1455","100000098","97","27/5/2020 10:43:00"
"1456","100000113","14","28/5/2020 16:26:50"
"1457","100000113","15","28/5/2020 16:26:50"
"1458","100000113","17","28/5/2020 16:26:50"
"1459","100000113","52","28/5/2020 16:26:50"
"1460","100000113","54","28/5/2020 16:26:50"
"1461","100000113","96","28/5/2020 16:27:00"
"1462","100000125","97","29/5/2020 14:18:00"
"1463","100000125","96","29/5/2020 14:18:00"
"1464","100000125","98","29/5/2020 14:18:00"
"1465","100000125","101","29/5/2020 14:18:00"
"1466","100000125","12","29/5/2020 14:19:25"
"1467","100000125","13","29/5/2020 14:19:28"
"1468","100000125","14","29/5/2020 14:19:33"
"1469","100000125","15","29/5/2020 14:19:33"
"1470","100000125","16","29/5/2020 14:19:33"
"1471","100000125","113","29/5/2020 14:20:00"
"1472","100000125","99","29/5/2020 14:21:00"
"1473","100000129","96","1/6/2020 17:15:00"
